enrollment_id,member_id,enrollment_start_date,enrollment_end_date,enrollment_status,disenrollment_reason,product_line,line_of_business_detail,plan_type,contract_id,plan_benefit_package,snp_type,measurement_year,continuous_enrollment_my2025,enrollment_gap_days,enrollment_gaps,has_allowable_gap,allowable_gap_days,has_medical_benefit,has_pharmacy_benefit,has_dental_benefit,has_vision_benefit,eligible_bcs,eligible_col,eligible_cdc,eligible_cbp,eligible_ccs,assigned_pcp_id,assigned_pcp_name,assigned_pcp_npi,pcp_assignment_date,created_date,updated_date,data_source
1,M001,2025-01-01,2025-12-31,Active,,Commercial,Commercial Group,HMO,C1001,PBP001,,2025,TRUE,0,[],FALSE,0,TRUE,TRUE,FALSE,TRUE,TRUE,TRUE,TRUE,TRUE,FALSE,PCP001,Dr. Aisha Patel,1234567890,2023-06-01,2025-01-01,2025-01-01,Enrollment_Feed
2,M002,2025-01-01,2025-12-31,Active,,Medicare,Medicare Advantage,HMO,H1001,PBP002,,2025,TRUE,0,[],FALSE,0,TRUE,TRUE,FALSE,TRUE,TRUE,TRUE,FALSE,FALSE,FALSE,PCP002,Dr. James Carter,2345678901,2022-01-15,2025-01-01,2025-01-01,Enrollment_Feed
3,M003,2025-01-01,2025-12-31,Active,,Commercial,Commercial Group,PPO,C1001,PBP001,,2025,TRUE,0,[],FALSE,0,TRUE,TRUE,TRUE,TRUE,TRUE,TRUE,FALSE,FALSE,FALSE,PCP003,Dr. Maria Santos,3456789012,2023-03-10,2025-01-01,2025-01-01,Enrollment_Feed
4,M004,2025-01-01,2025-12-31,Active,,Commercial,Commercial Group,HMO,C1002,PBP003,,2025,TRUE,0,[],FALSE,0,TRUE,TRUE,FALSE,FALSE,TRUE,TRUE,FALSE,FALSE,FALSE,PCP001,Dr. Aisha Patel,1234567890,2021-09-01,2025-01-01,2025-01-01,Enrollment_Feed
5,M005,2025-01-01,2025-12-31,Active,,Commercial,Commercial Group,PPO,C1002,PBP003,,2025,TRUE,0,[],FALSE,0,TRUE,TRUE,TRUE,TRUE,TRUE,TRUE,FALSE,FALSE,FALSE,PCP004,Dr. Robert Kim,4567890123,2024-01-05,2025-01-01,2025-01-01,Enrollment_Feed
6,M006,2025-01-01,2025-12-31,Active,,Medicare,Medicare Advantage,HMO,H1001,PBP002,,2025,TRUE,0,[],FALSE,0,TRUE,TRUE,FALSE,FALSE,TRUE,TRUE,FALSE,FALSE,FALSE,PCP002,Dr. James Carter,2345678901,2020-05-20,2025-01-01,2025-01-01,Enrollment_Feed
7,M007,2025-01-01,2025-12-31,Active,,Medicare,Medicare Advantage,PPO,H1001,PBP002,,2025,TRUE,0,[],FALSE,0,TRUE,TRUE,FALSE,TRUE,TRUE,TRUE,FALSE,FALSE,FALSE,PCP005,Dr. Linda Wu,5678901234,2022-07-14,2025-01-01,2025-01-01,Enrollment_Feed
8,M008,2025-01-01,2025-12-31,Active,,Commercial,Commercial Group,HMO,C1003,PBP004,,2025,TRUE,0,[],FALSE,0,TRUE,TRUE,FALSE,FALSE,FALSE,TRUE,FALSE,FALSE,FALSE,PCP003,Dr. Maria Santos,3456789012,2023-02-28,2025-01-01,2025-01-01,Enrollment_Feed
9,M009,2025-01-01,2025-12-31,Active,,Commercial,Commercial Group,PPO,C1003,PBP004,,2025,TRUE,0,[],FALSE,0,TRUE,TRUE,TRUE,TRUE,TRUE,TRUE,FALSE,FALSE,FALSE,PCP006,Dr. Ahmed Hassan,6789012345,2023-08-15,2025-01-01,2025-01-01,Enrollment_Feed
10,M010,2025-01-01,2025-12-31,Active,,Commercial,Commercial Group,EPO,C1001,PBP001,,2025,TRUE,0,[],FALSE,0,TRUE,TRUE,FALSE,FALSE,FALSE,TRUE,FALSE,FALSE,FALSE,PCP004,Dr. Robert Kim,4567890123,2024-03-01,2025-01-01,2025-01-01,Enrollment_Feed
11,M011,2025-01-01,2025-12-31,Active,,Commercial,Commercial Group,HMO,C1002,PBP003,,2025,TRUE,0,[],FALSE,0,TRUE,TRUE,FALSE,FALSE,FALSE,TRUE,FALSE,FALSE,FALSE,PCP007,Dr. Susan Chen,7890123456,2019-11-10,2025-01-01,2025-01-01,Enrollment_Feed
12,M012,2025-01-01,2025-12-31,Active,,Medicare,Medicare Advantage,HMO,H1001,PBP002,,2025,TRUE,0,[],FALSE,0,TRUE,TRUE,FALSE,FALSE,FALSE,TRUE,FALSE,FALSE,FALSE,PCP002,Dr. James Carter,2345678901,2021-04-22,2025-01-01,2025-01-01,Enrollment_Feed
13,M013,2025-01-01,2025-12-31,Active,,Commercial,Commercial Group,PPO,C1003,PBP004,,2025,TRUE,0,[],FALSE,0,TRUE,TRUE,TRUE,TRUE,FALSE,TRUE,FALSE,FALSE,FALSE,PCP008,Dr. Carlos Mendez,8901234567,2022-10-05,2025-01-01,2025-01-01,Enrollment_Feed
14,M014,2025-01-01,2025-12-31,Active,,Commercial,Commercial Group,HMO,C1001,PBP001,,2025,TRUE,0,[],FALSE,0,TRUE,TRUE,FALSE,FALSE,TRUE,TRUE,FALSE,FALSE,FALSE,PCP001,Dr. Aisha Patel,1234567890,2023-05-18,2025-01-01,2025-01-01,Enrollment_Feed
15,M015,2025-01-01,2025-12-31,Active,,Medicaid,Medicaid Managed Care,HMO,C1004,PBP005,,2025,TRUE,0,[],FALSE,0,TRUE,TRUE,FALSE,FALSE,TRUE,TRUE,TRUE,TRUE,FALSE,PCP003,Dr. Maria Santos,3456789012,2022-08-30,2025-01-01,2025-01-01,Enrollment_Feed
16,M016,2025-01-01,2025-12-31,Active,,Medicaid,Medicaid Managed Care,HMO,C1004,PBP005,,2025,TRUE,0,[],FALSE,0,TRUE,TRUE,FALSE,FALSE,FALSE,FALSE,TRUE,TRUE,FALSE,PCP009,Dr. Patricia Brown,9012345678,2023-01-10,2025-01-01,2025-01-01,Enrollment_Feed
17,M017,2025-01-01,2025-12-31,Active,,Commercial,Commercial Group,PPO,C1002,PBP003,,2025,TRUE,0,[],FALSE,0,TRUE,TRUE,TRUE,TRUE,TRUE,TRUE,TRUE,TRUE,FALSE,PCP006,Dr. Ahmed Hassan,6789012345,2021-06-25,2025-01-01,2025-01-01,Enrollment_Feed
18,M018,2025-01-01,2025-12-31,Active,,Commercial,Commercial Group,HMO,C1003,PBP004,,2025,TRUE,0,[],FALSE,0,TRUE,TRUE,FALSE,TRUE,FALSE,FALSE,TRUE,FALSE,FALSE,PCP005,Dr. Linda Wu,5678901234,2022-12-01,2025-01-01,2025-01-01,Enrollment_Feed
19,M019,2025-01-01,2025-12-31,Active,,Medicaid,Medicaid Managed Care,HMO,C1004,PBP005,,2025,TRUE,0,[],FALSE,0,TRUE,TRUE,FALSE,FALSE,FALSE,FALSE,FALSE,FALSE,TRUE,PCP007,Dr. Susan Chen,7890123456,2024-05-10,2025-01-01,2025-01-01,Enrollment_Feed
20,M020,2025-01-01,2025-12-31,Active,,Medicare,Medicare Advantage,HMO,H1001,PBP002,,2025,TRUE,0,[],FALSE,0,TRUE,TRUE,FALSE,FALSE,FALSE,FALSE,TRUE,FALSE,FALSE,PCP010,Dr. David Nguyen,0123456789,2020-03-15,2025-01-01,2025-01-01,Enrollment_Feed
21,M021,2025-01-01,2025-12-31,Active,,Medicaid,Medicaid Managed Care,HMO,C1004,PBP005,,2025,TRUE,0,[],FALSE,0,TRUE,TRUE,FALSE,FALSE,FALSE,FALSE,TRUE,FALSE,FALSE,PCP003,Dr. Maria Santos,3456789012,2022-07-20,2025-01-01,2025-01-01,Enrollment_Feed
22,M022,2025-01-01,2025-12-31,Active,,Commercial,Commercial Group,PPO,C1001,PBP001,,2025,TRUE,0,[],FALSE,0,TRUE,TRUE,FALSE,FALSE,FALSE,FALSE,TRUE,FALSE,FALSE,PCP004,Dr. Robert Kim,4567890123,2023-04-12,2025-01-01,2025-01-01,Enrollment_Feed
23,M023,2025-01-01,2025-12-31,Active,,Commercial,Commercial Group,HMO,C1002,PBP003,,2025,TRUE,0,[],FALSE,0,TRUE,TRUE,FALSE,FALSE,TRUE,FALSE,TRUE,FALSE,FALSE,PCP001,Dr. Aisha Patel,1234567890,2021-11-08,2025-01-01,2025-01-01,Enrollment_Feed
24,M024,2025-01-01,2025-12-31,Active,,Commercial,Commercial Group,PPO,C1003,PBP004,,2025,TRUE,0,[],FALSE,0,TRUE,TRUE,FALSE,FALSE,FALSE,FALSE,FALSE,TRUE,FALSE,PCP008,Dr. Carlos Mendez,8901234567,2023-09-22,2025-01-01,2025-01-01,Enrollment_Feed
25,M025,2025-01-01,2025-12-31,Active,,Medicare,Medicare Advantage,HMO,H1001,PBP002,,2025,TRUE,0,[],FALSE,0,TRUE,TRUE,FALSE,FALSE,TRUE,TRUE,FALSE,TRUE,FALSE,PCP002,Dr. James Carter,2345678901,2022-02-14,2025-01-01,2025-01-01,Enrollment_Feed
26,M026,2025-01-01,2025-12-31,Active,,Medicare,Medicare Advantage,HMO,H1002,PBP006,D-SNP,2025,TRUE,0,[],FALSE,0,TRUE,TRUE,FALSE,FALSE,FALSE,FALSE,FALSE,TRUE,FALSE,PCP010,Dr. David Nguyen,0123456789,2019-08-01,2025-01-01,2025-01-01,Enrollment_Feed
27,M027,2025-01-01,2025-12-31,Active,,Medicaid,Medicaid Managed Care,HMO,C1004,PBP005,,2025,TRUE,0,[],FALSE,0,TRUE,TRUE,FALSE,FALSE,FALSE,FALSE,FALSE,TRUE,TRUE,PCP007,Dr. Susan Chen,7890123456,2024-11-01,2025-01-01,2025-01-01,Enrollment_Feed
28,M028,2025-01-01,2025-12-31,Active,,Commercial,Commercial Group,PPO,C1001,PBP001,,2025,TRUE,0,[],FALSE,0,TRUE,TRUE,FALSE,FALSE,FALSE,FALSE,FALSE,TRUE,FALSE,PCP004,Dr. Robert Kim,4567890123,2023-07-30,2025-01-01,2025-01-01,Enrollment_Feed
29,M029,2025-01-01,2025-12-31,Active,,Medicare,Medicare Advantage,HMO,H1002,PBP006,D-SNP,2025,TRUE,0,[],FALSE,0,TRUE,TRUE,FALSE,FALSE,FALSE,FALSE,FALSE,TRUE,FALSE,PCP009,Dr. Patricia Brown,9012345678,2018-06-10,2025-01-01,2025-01-01,Enrollment_Feed
30,M030,2025-01-01,2025-12-31,Active,,Commercial,Commercial Group,PPO,C1002,PBP003,,2025,TRUE,0,[],FALSE,0,TRUE,TRUE,FALSE,FALSE,FALSE,FALSE,FALSE,TRUE,FALSE,PCP005,Dr. Linda Wu,5678901234,2024-02-28,2025-01-01,2025-01-01,Enrollment_Feed
31,M031,2025-01-01,2025-12-31,Active,,Commercial,Commercial Group,PPO,C1001,PBP001,,2025,TRUE,0,[],FALSE,0,TRUE,TRUE,FALSE,FALSE,FALSE,FALSE,FALSE,FALSE,TRUE,PCP006,Dr. Ahmed Hassan,6789012345,2023-10-15,2025-01-01,2025-01-01,Enrollment_Feed
32,M032,2025-01-01,2025-12-31,Active,,Commercial,Commercial Group,HMO,C1003,PBP004,,2025,TRUE,0,[],FALSE,0,TRUE,TRUE,TRUE,FALSE,FALSE,FALSE,FALSE,FALSE,TRUE,PCP001,Dr. Aisha Patel,1234567890,2022-04-20,2025-01-01,2025-01-01,Enrollment_Feed
33,M033,2025-01-01,2025-12-31,Active,,Commercial,Commercial Group,PPO,C1002,PBP003,,2025,TRUE,0,[],FALSE,0,TRUE,TRUE,FALSE,FALSE,FALSE,FALSE,FALSE,FALSE,TRUE,PCP008,Dr. Carlos Mendez,8901234567,2021-12-05,2025-01-01,2025-01-01,Enrollment_Feed
34,M034,2025-01-01,2025-12-31,Active,,Commercial,Commercial Group,PPO,C1001,PBP001,,2025,TRUE,0,[],FALSE,0,TRUE,TRUE,FALSE,FALSE,FALSE,FALSE,FALSE,FALSE,TRUE,PCP003,Dr. Maria Santos,3456789012,2024-06-18,2025-01-01,2025-01-01,Enrollment_Feed
35,M035,2025-01-01,2025-12-31,Active,,Medicaid,Medicaid Managed Care,HMO,C1004,PBP005,,2025,TRUE,0,[],FALSE,0,TRUE,TRUE,FALSE,FALSE,FALSE,FALSE,FALSE,FALSE,TRUE,PCP007,Dr. Susan Chen,7890123456,2023-01-25,2025-01-01,2025-01-01,Enrollment_Feed
36,M036,2025-01-01,2025-12-31,Active,,Medicaid,Medicaid Managed Care,HMO,C1004,PBP005,,2025,TRUE,0,[],FALSE,0,TRUE,FALSE,FALSE,FALSE,FALSE,FALSE,FALSE,FALSE,TRUE,PCP009,Dr. Patricia Brown,9012345678,2024-08-22,2025-01-01,2025-01-01,Enrollment_Feed
37,M037,2025-01-01,2025-12-31,Active,,Commercial,Commercial Group,HMO,C1002,PBP003,,2025,TRUE,0,[],FALSE,0,TRUE,TRUE,FALSE,FALSE,TRUE,TRUE,TRUE,TRUE,FALSE,PCP006,Dr. Ahmed Hassan,6789012345,2022-09-14,2025-01-01,2025-01-01,Enrollment_Feed
38,M038,2025-01-01,2025-12-31,Active,,Medicaid,Medicaid Managed Care,HMO,C1004,PBP005,,2025,TRUE,0,[],FALSE,0,TRUE,TRUE,FALSE,FALSE,TRUE,TRUE,TRUE,TRUE,TRUE,PCP003,Dr. Maria Santos,3456789012,2023-03-30,2025-01-01,2025-01-01,Enrollment_Feed
39,M039,2025-01-01,2025-12-31,Active,,Commercial,Commercial Group,PPO,C1003,PBP004,,2025,TRUE,0,[],FALSE,0,TRUE,TRUE,FALSE,FALSE,FALSE,TRUE,TRUE,TRUE,FALSE,PCP010,Dr. David Nguyen,0123456789,2022-11-11,2025-01-01,2025-01-01,Enrollment_Feed
40,M040,2025-01-01,2025-12-31,Active,,Commercial,Commercial Group,PPO,C1001,PBP001,,2025,TRUE,0,[],FALSE,0,TRUE,TRUE,TRUE,TRUE,TRUE,TRUE,TRUE,TRUE,TRUE,PCP005,Dr. Linda Wu,5678901234,2021-07-07,2025-01-01,2025-01-01,Enrollment_Feed
41,M041,2025-01-01,2025-12-31,Active,,Commercial,Commercial Group,HMO,C1002,PBP003,,2025,TRUE,0,[],FALSE,0,TRUE,TRUE,FALSE,FALSE,TRUE,TRUE,FALSE,FALSE,FALSE,PCP001,Dr. Aisha Patel,1234567890,2023-12-01,2025-01-01,2025-01-01,Enrollment_Feed
42,M042,2025-01-01,2025-12-31,Active,,Medicare,Medicare Advantage,HMO,H1001,PBP002,,2025,TRUE,0,[],FALSE,0,TRUE,TRUE,FALSE,FALSE,TRUE,TRUE,FALSE,FALSE,FALSE,PCP002,Dr. James Carter,2345678901,2020-08-20,2025-01-01,2025-01-01,Enrollment_Feed
43,M043,2025-01-01,2025-12-31,Active,,Commercial,Commercial Group,PPO,C1003,PBP004,,2025,TRUE,0,[],FALSE,0,TRUE,TRUE,FALSE,FALSE,FALSE,TRUE,FALSE,FALSE,FALSE,PCP004,Dr. Robert Kim,4567890123,2024-04-15,2025-01-01,2025-01-01,Enrollment_Feed
44,M044,2025-01-01,2025-12-31,Active,,Medicare,Medicare Advantage,PPO,H1001,PBP002,,2025,TRUE,0,[],FALSE,0,TRUE,TRUE,FALSE,FALSE,FALSE,TRUE,FALSE,FALSE,FALSE,PCP010,Dr. David Nguyen,0123456789,2019-03-01,2025-01-01,2025-01-01,Enrollment_Feed
45,M045,2025-01-01,2025-12-31,Active,,Medicaid,Medicaid Managed Care,HMO,C1004,PBP005,,2025,TRUE,0,[],FALSE,0,TRUE,TRUE,FALSE,FALSE,FALSE,FALSE,FALSE,FALSE,TRUE,PCP007,Dr. Susan Chen,7890123456,2024-07-10,2025-01-01,2025-01-01,Enrollment_Feed
46,M046,2025-01-01,2025-12-31,Active,,Commercial,Commercial Group,HMO,C1001,PBP001,,2025,TRUE,0,[],FALSE,0,TRUE,TRUE,FALSE,FALSE,FALSE,FALSE,FALSE,FALSE,TRUE,PCP008,Dr. Carlos Mendez,8901234567,2022-05-25,2025-01-01,2025-01-01,Enrollment_Feed
47,M047,2025-01-01,2025-12-31,Active,,Medicaid,Medicaid Managed Care,HMO,C1004,PBP005,,2025,TRUE,0,[],FALSE,0,TRUE,TRUE,FALSE,FALSE,FALSE,FALSE,TRUE,FALSE,FALSE,PCP009,Dr. Patricia Brown,9012345678,2024-09-05,2025-01-01,2025-01-01,Enrollment_Feed
48,M048,2025-01-01,2025-12-31,Active,,Medicare,Medicare Advantage,HMO,H1002,PBP006,D-SNP,2025,TRUE,0,[],FALSE,0,TRUE,TRUE,FALSE,FALSE,FALSE,FALSE,FALSE,TRUE,FALSE,PCP002,Dr. James Carter,2345678901,2018-01-15,2025-01-01,2025-01-01,Enrollment_Feed
49,M049,2025-01-01,2025-05-31,Terminated,Voluntary_Disenrollment,Commercial,Commercial Group,PPO,C1001,PBP001,,2025,FALSE,61,"[{""start"":""2025-06-01"",""end"":""2025-07-31"",""days"":61}]",FALSE,0,TRUE,TRUE,FALSE,FALSE,FALSE,FALSE,FALSE,FALSE,FALSE,PCP001,Dr. Aisha Patel,1234567890,2023-06-15,2025-01-01,2025-06-01,Enrollment_Feed
50,M049,2025-08-01,2025-12-31,Active,,Commercial,Commercial Group,PPO,C1001,PBP001,,2025,FALSE,61,"[{""start"":""2025-06-01"",""end"":""2025-07-31"",""days"":61}]",FALSE,0,TRUE,TRUE,FALSE,FALSE,FALSE,FALSE,FALSE,FALSE,FALSE,PCP001,Dr. Aisha Patel,1234567890,2023-06-15,2025-08-01,2025-08-01,Enrollment_Feed
51,M050,2025-01-01,2025-06-15,Terminated,Deceased,Commercial,Commercial Group,HMO,C1002,PBP003,,2025,FALSE,0,[],FALSE,0,TRUE,TRUE,FALSE,FALSE,FALSE,FALSE,FALSE,FALSE,FALSE,PCP003,Dr. Maria Santos,3456789012,2022-10-20,2025-01-01,2025-06-15,Enrollment_Feed
52,M040,2025-01-01,2025-12-31,Active,,Commercial,Commercial Group,PPO,C1001,PBP001,,2025,TRUE,0,[],FALSE,0,TRUE,TRUE,TRUE,TRUE,TRUE,TRUE,TRUE,TRUE,TRUE,PCP005,Dr. Linda Wu,5678901234,2021-07-07,2025-01-01,2025-01-01,Enrollment_Feed
